1816,07594144394;1816,07594144394
1816,07594144394;1816,07594144394
1816,07594144394;1816,07594144394
1816,07594144394;1816,07594144394
1816,07594144394;1816,07594144394
1816,07594144394;1816,07594144394
1816,07594144394;1816,07594144394
1816,07594144394;1816,07594144394
1816,07594144394;1816,07594144394
1816,07594144394;1816,07594144394
1816,07594144394;1816,07594144394
1816,07594144394;1816,07594144394
1816,07594144394;1816,07594144394
1816,07594144394;1816,07594144394
1816,07594144394;1816,07594144394
1816,07594144394;1816,07594144394
1816,07594144394;1816,07594144394
1816,07594144394;1816,07594144394
1816,07594144394;1816,07594144394
1816,07594144394;1816,07594144394
1816,07594144394;1816,07594144394
1816,07594144394;1816,07594144394
1816,07594144394;1816,07594144394
1816,07594144394;1816,07594144394
1816,07594144394;1816,07594144394
1816,07594144394;1816,07594144394
1816,07594144394;1816,07594144394
1816,07594144394;1816,07594144394
1816,07594144394;1816,07594144394
1816,07594144394;1816,07594144394
1816,07594144394;1816,07594144394
1816,07594144394;1816,07594144394
1816,07594144394;1816,07594144394
1816,07594144394;1816,07594144394
1816,07594144394;1816,07594144394
1816,07594144394;1816,07594144394
1816,07594144394;1816,07594144394
1816,07594144394;1816,07594144394
1816,07594144394;1816,07594144394
1816,07594144394;1816,07594144394
1816,07594144394;1816,07594144394
1816,07594144394;1816,07594144394
1816,07594144394;1816,07594144394
1816,07594144394;1816,07594144394
1816,07594144394;1816,07594144394
1816,07594144394;1816,07594144394
1816,07594144394;1816,07594144394
1816,07594144394;1816,07594144394
1816,07594144394;1816,07594144394
1816,07594144394;1816,07594144394
1816,07594144394;1816,07594144394
1816,07594144394;1816,07594144394
1816,07594144394;1816,07594144394
1816,07594144394;1816,07594144394
1816,07594144394;1816,07594144394
1816,07594144394;1816,07594144394
1816,07594144394;1816,07594144394
1816,07594144394;1816,07594144394
1816,07594144394;1816,07594144394
1816,07594144394;1816,07594144394
1816,07594144394;1816,07594144394
1816,07594144394;1816,07594144394
1816,07594144394;1816,07594144394
1816,07594144394;1816,07594144394
1816,07594144394;1816,07594144394
1816,07594144394;1816,07594144394
1816,07594144394;1816,07594144394
1816,07594144394;1816,07594144394
1816,07594144394;1816,07594144394
1816,07594144394;1816,07594144394
1816,07594144394;1816,07594144394
1816,07594144394;1816,07594144394
1816,07594144394;1816,07594144394
1816,07594144394;1816,07594144394
1816,07594144394;1816,07594144394
1816,07594144394;1816,07594144394
1816,07594144394;1816,07594144394
1816,07594144394;1816,07594144394
1816,07594144394;1816,07594144394
1816,07594144394;1816,07594144394
1816,07594144394;1816,07594144394
1816,07594144394;1816,07594144394
1816,07594144394;1816,07594144394
1816,07594144394;1816,07594144394
1816,07594144394;1816,07594144394
1816,07594144394;1816,07594144394
1816,07594144394;1816,07594144394
1816,07594144394;1816,07594144394
1816,07594144394;1816,07594144394
1816,07594144394;1816,07594144394
1816,07594144394;1816,07594144394
1816,07594144394;1816,07594144394
1816,07594144394;1816,07594144394
1816,07594144394;1816,07594144394
1816,07594144394;1816,07594144394
1816,07594144394;1816,07594144394
1816,07594144394;1816,07594144394
1816,07594144394;1816,07594144394
1816,07594144394;1816,07594144394
1816,07594144394;1816,07594144394
1816,07594144394;1816,07594144394
1816,07594144394;1816,07594144394
1816,07594144394;1816,07594144394
1816,07594144394;1816,07594144394
1816,07594144394;1816,07594144394
1816,07594144394;1816,07594144394
1816,07594144394;1816,07594144394
1816,07594144394;1816,07594144394
1816,07594144394;1816,07594144394
1816,07594144394;1816,07594144394
1816,07594144394;1816,07594144394
1816,07594144394;1816,07594144394
1816,07594144394;1816,07594144394
1816,07594144394;1816,07594144394
1816,07594144394;1816,07594144394
1816,07594144394;1816,07594144394
1816,07594144394;1816,07594144394
1816,07594144394;1816,07594144394
1816,07594144394;1816,07594144394
1816,07594144394;1816,07594144394
1816,07594144394;1816,07594144394
1816,07594144394;1816,07594144394
1816,07594144394;1816,07594144394
1816,07594144394;1816,07594144394
1816,07594144394;1816,07594144394
1816,07594144394;1816,07594144394
1816,07594144394;1816,07594144394
1816,07594144394;1816,07594144394
1816,07594144394;1816,07594144394
1816,07594144394;1816,07594144394
1816,07594144394;1816,07594144394
1816,07594144394;1816,07594144394
1816,07594144394;1816,07594144394
1816,07594144394;1816,07594144394
1816,07594144394;1816,07594144394
1816,07594144394;1816,07594144394
1816,07594144394;1816,07594144394
1816,07594144394;1816,07594144394
1816,07594144394;1816,07594144394
1816,07594144394;1816,07594144394
1816,07594144394;1816,07594144394
1816,07594144394;1816,07594144394
1816,07594144394;1816,07594144394
1816,07594144394;1816,07594144394
1816,07594144394;1816,07594144394
1816,07594144394;1816,07594144394
1816,07594144394;1816,07594144394
1488,67174683077;1488,67174683077
1488,67174683077;1488,67174683077
1488,67174683077;1488,67174683077
1488,67174683077;1488,67174683077
1488,67174683077;1488,67174683077
1488,67174683077;1488,67174683077
1488,67174683077;1488,67174683077
1488,67174683077;1488,67174683077
1488,67174683077;1488,67174683077
1488,67174683077;1488,67174683077
1488,67174683077;1488,67174683077
1488,67174683077;1488,67174683077
1488,67174683077;1488,67174683077
1488,67174683077;1488,67174683077
1488,67174683077;1488,67174683077
1488,67174683077;1488,67174683077
1488,67174683077;1488,67174683077
1488,67174683077;1488,67174683077
1488,67174683077;1488,67174683077
1488,67174683077;1488,67174683077
1488,67174683077;1488,67174683077
1488,67174683077;1488,67174683077
1488,67174683077;1488,67174683077
1488,67174683077;1488,67174683077
1488,67174683077;1488,67174683077
1488,67174683077;1488,67174683077
1488,67174683077;1488,67174683077
1488,67174683077;1488,67174683077
1488,67174683077;1488,67174683077
1488,67174683077;1488,67174683077
1488,67174683077;1488,67174683077
1488,67174683077;1488,67174683077
1488,67174683077;1488,67174683077
1488,67174683077;1488,67174683077
1488,67174683077;1488,67174683077
1488,67174683077;1488,67174683077
1488,67174683077;1488,67174683077
1488,67174683077;1488,67174683077
1488,67174683077;1488,67174683077
1488,67174683077;1488,67174683077
1488,67174683077;1488,67174683077
1488,67174683077;1488,67174683077
1488,67174683077;1488,67174683077
1488,67174683077;1488,67174683077
1488,67174683077;1488,67174683077
1488,67174683077;1488,67174683077
1488,67174683077;1488,67174683077
1488,67174683077;1488,67174683077
1488,67174683077;1488,67174683077
1488,67174683077;1488,67174683077
1488,67174683077;1488,67174683077
1488,67174683077;1488,67174683077
1488,67174683077;1488,67174683077
1488,67174683077;1488,67174683077
1488,67174683077;1488,67174683077
1488,67174683077;1488,67174683077
1488,67174683077;1488,67174683077
1488,67174683077;1488,67174683077
1488,67174683077;1488,67174683077
1488,67174683077;1488,67174683077
1488,67174683077;1488,67174683077
1488,67174683077;1488,67174683077
1488,67174683077;1488,67174683077
1488,67174683077;1488,67174683077
1488,67174683077;1488,67174683077
1488,67174683077;1488,67174683077
1488,67174683077;1488,67174683077
1488,67174683077;1488,67174683077
1488,67174683077;1488,67174683077
1488,67174683077;1488,67174683077
1488,67174683077;1488,67174683077
1488,67174683077;1488,67174683077
1488,67174683077;1488,67174683077
1488,67174683077;1488,67174683077
1488,67174683077;1488,67174683077
1488,67174683077;1488,67174683077
1488,67174683077;1488,67174683077
1488,67174683077;1488,67174683077
1488,67174683077;1488,67174683077
1488,67174683077;1488,67174683077
1488,67174683077;1488,67174683077
1488,67174683077;1488,67174683077
1488,67174683077;1488,67174683077
1488,67174683077;1488,67174683077
1488,67174683077;1488,67174683077
1488,67174683077;1488,67174683077
1488,67174683077;1488,67174683077
1488,67174683077;1488,67174683077
1488,67174683077;1488,67174683077
1488,67174683077;1488,67174683077
1488,67174683077;1488,67174683077
1488,67174683077;1488,67174683077
1488,67174683077;1488,67174683077
1488,67174683077;1488,67174683077
1488,67174683077;1488,67174683077
1488,67174683077;1488,67174683077
1488,67174683077;1488,67174683077
1488,67174683077;1488,67174683077
1488,67174683077;1488,67174683077
1488,67174683077;1488,67174683077
1488,67174683077;1488,67174683077
1488,67174683077;1488,67174683077
1488,67174683077;1488,67174683077
1488,67174683077;1488,67174683077
1488,67174683077;1488,67174683077
1488,67174683077;1488,67174683077
1488,67174683077;1488,67174683077
1488,67174683077;1488,67174683077
1488,67174683077;1488,67174683077
1488,67174683077;1488,67174683077
1488,67174683077;1488,67174683077
1488,67174683077;1488,67174683077
1488,67174683077;1488,67174683077
1488,67174683077;1488,67174683077
1488,67174683077;1488,67174683077
1488,67174683077;1488,67174683077
1488,67174683077;1488,67174683077
1488,67174683077;1488,67174683077
1488,67174683077;1488,67174683077
1488,67174683077;1488,67174683077
1488,67174683077;1488,67174683077
1488,67174683077;1488,67174683077
1488,67174683077;1488,67174683077
1488,67174683077;1488,67174683077
1488,67174683077;1488,67174683077
1488,67174683077;1488,67174683077
1488,67174683077;1488,67174683077
1488,67174683077;1488,67174683077
1488,67174683077;1488,67174683077
1488,67174683077;1488,67174683077
1488,67174683077;1488,67174683077
1488,67174683077;1488,67174683077
1488,67174683077;1488,67174683077
1488,67174683077;1488,67174683077
1488,67174683077;1488,67174683077
1488,67174683077;1488,67174683077
1488,67174683077;1488,67174683077
1488,67174683077;1488,67174683077
1488,67174683077;1488,67174683077
1488,67174683077;1488,67174683077
1488,67174683077;1488,67174683077
1488,67174683077;1488,67174683077
1488,67174683077;1488,67174683077
1488,67174683077;1488,67174683077
1488,67174683077;1488,67174683077
1488,67174683077;1488,67174683077
1488,67174683077;1488,67174683077
1488,67174683077;1488,67174683077
1488,67174683077;1488,67174683077
1488,67174683077;1488,67174683077
1488,67174683077;1488,67174683077
1488,67174683077;1488,67174683077
1488,67174683077;1488,67174683077
1488,67174683077;1488,67174683077
1488,67174683077;1488,67174683077
1488,67174683077;1488,67174683077
1488,67174683077;1488,67174683077
1488,67174683077;1488,67174683077
1488,67174683077;1488,67174683077
1488,67174683077;1488,67174683077
1488,67174683077;1488,67174683077
1488,67174683077;1488,67174683077
1488,67174683077;1488,67174683077
1488,67174683077;1488,67174683077
1488,67174683077;1488,67174683077
1488,67174683077;1488,67174683077
1488,67174683077;1488,67174683077
1488,67174683077;1488,67174683077
1488,67174683077;1488,67174683077
1488,67174683077;1488,67174683077
1488,67174683077;1488,67174683077
1488,67174683077;1488,67174683077
1488,67174683077;1488,67174683077
1488,67174683077;1488,67174683077
1488,67174683077;1488,67174683077
1488,67174683077;1488,67174683077
1488,67174683077;1488,67174683077
1488,67174683077;1488,67174683077
1488,67174683077;1488,67174683077
1488,67174683077;1488,67174683077
1488,67174683077;1488,67174683077
1488,67174683077;1488,67174683077
1488,67174683077;1488,67174683077
1488,67174683077;1488,67174683077
1488,67174683077;1488,67174683077
1488,67174683077;1488,67174683077
1488,67174683077;1488,67174683077
1488,67174683077;1488,67174683077
1488,67174683077;1488,67174683077
1488,67174683077;1488,67174683077
1488,67174683077;1488,67174683077
1488,67174683077;1488,67174683077
1488,67174683077;1488,67174683077
1488,67174683077;1488,67174683077
1488,67174683077;1488,67174683077
1488,67174683077;1488,67174683077
1488,67174683077;1488,67174683077
1488,67174683077;1488,67174683077
1488,67174683077;1488,67174683077
1488,67174683077;1488,67174683077
1488,67174683077;1488,67174683077
1488,67174683077;1488,67174683077
1488,67174683077;1488,67174683077
1488,67174683077;1488,67174683077
1488,67174683077;1488,67174683077
1488,67174683077;1488,67174683077
1488,67174683077;1488,67174683077
1488,67174683077;1488,67174683077
1488,67174683077;1488,67174683077
1488,67174683077;1488,67174683077
1488,67174683077;1488,67174683077
1488,67174683077;1488,67174683077
1488,67174683077;1488,67174683077
1488,67174683077;1488,67174683077
1488,67174683077;1488,67174683077
1488,67174683077;1488,67174683077
1488,67174683077;1488,67174683077
1488,67174683077;1488,67174683077
1488,67174683077;1488,67174683077
1488,67174683077;1488,67174683077
1488,67174683077;1488,67174683077
1488,67174683077;1488,67174683077
1488,67174683077;1488,67174683077
1488,67174683077;1488,67174683077
1488,67174683077;1488,67174683077
1488,67174683077;1488,67174683077
1488,67174683077;1488,67174683077
1488,67174683077;1488,67174683077
1488,67174683077;1488,67174683077
1488,67174683077;1488,67174683077
1488,67174683077;1488,67174683077
1488,67174683077;1488,67174683077
1488,67174683077;1488,67174683077
1488,67174683077;1488,67174683077
2206,64060591005;2206,64060591005
2206,64060591005;2206,64060591005
2206,64060591005;2206,64060591005
2206,64060591005;2206,64060591005
2206,64060591005;2206,64060591005
2206,64060591005;2206,64060591005
2206,64060591005;2206,64060591005
2206,64060591005;2206,64060591005
2206,64060591005;2206,64060591005
2206,64060591005;2206,64060591005
2206,64060591005;2206,64060591005
2206,64060591005;2206,64060591005
2206,64060591005;2206,64060591005
2206,64060591005;2206,64060591005
2206,64060591005;2206,64060591005
2206,64060591005;2206,64060591005
2206,64060591005;2206,64060591005
2206,64060591005;2206,64060591005
2206,64060591005;2206,64060591005
2206,64060591005;2206,64060591005
2206,64060591005;2206,64060591005
2206,64060591005;2206,64060591005
2206,64060591005;2206,64060591005
2206,64060591005;2206,64060591005
2206,64060591005;2206,64060591005
2206,64060591005;2206,64060591005
2206,64060591005;2206,64060591005
2206,64060591005;2206,64060591005
2206,64060591005;2206,64060591005
2206,64060591005;2206,64060591005
2206,64060591005;2206,64060591005
2206,64060591005;2206,64060591005
2206,64060591005;2206,64060591005
2206,64060591005;2206,64060591005
2206,64060591005;2206,64060591005
2206,64060591005;2206,64060591005
2206,64060591005;2206,64060591005
2206,64060591005;2206,64060591005
2206,64060591005;2206,64060591005
2206,64060591005;2206,64060591005
2206,64060591005;2206,64060591005
2206,64060591005;2206,64060591005
2206,64060591005;2206,64060591005
2206,64060591005;2206,64060591005
2206,64060591005;2206,64060591005
2206,64060591005;2206,64060591005
2206,64060591005;2206,64060591005
2206,64060591005;2206,64060591005
2206,64060591005;2206,64060591005
2206,64060591005;2206,64060591005
2206,64060591005;2206,64060591005
2206,64060591005;2206,64060591005
2206,64060591005;2206,64060591005
2206,64060591005;2206,64060591005
2206,64060591005;2206,64060591005
2206,64060591005;2206,64060591005
2206,64060591005;2206,64060591005
2206,64060591005;2206,64060591005
2206,64060591005;2206,64060591005
2206,64060591005;2206,64060591005
2206,64060591005;2206,64060591005
2206,64060591005;2206,64060591005
2206,64060591005;2206,64060591005
2206,64060591005;2206,64060591005
2206,64060591005;2206,64060591005
2206,64060591005;2206,64060591005
2206,64060591005;2206,64060591005
2206,64060591005;2206,64060591005
2206,64060591005;2206,64060591005
2206,64060591005;2206,64060591005
2206,64060591005;2206,64060591005
2206,64060591005;2206,64060591005
2206,64060591005;2206,64060591005
2206,64060591005;2206,64060591005
2206,64060591005;2206,64060591005
2206,64060591005;2206,64060591005
2206,64060591005;2206,64060591005
2206,64060591005;2206,64060591005
2206,64060591005;2206,64060591005
2206,64060591005;2206,64060591005
2206,64060591005;2206,64060591005
2206,64060591005;2206,64060591005
2206,64060591005;2206,64060591005
2206,64060591005;2206,64060591005
2206,64060591005;2206,64060591005
2206,64060591005;2206,64060591005
2206,64060591005;2206,64060591005
2206,64060591005;2206,64060591005
2206,64060591005;2206,64060591005
2206,64060591005;2206,64060591005
2206,64060591005;2206,64060591005
2206,64060591005;2206,64060591005
2206,64060591005;2206,64060591005
2206,64060591005;2206,64060591005
2206,64060591005;2206,64060591005
2206,64060591005;2206,64060591005
2206,64060591005;2206,64060591005
2206,64060591005;2206,64060591005
2206,64060591005;2206,64060591005
2206,64060591005;2206,64060591005
2206,64060591005;2206,64060591005
2206,64060591005;2206,64060591005
2206,64060591005;2206,64060591005
2206,64060591005;2206,64060591005
2206,64060591005;2206,64060591005
2206,64060591005;2206,64060591005
2206,64060591005;2206,64060591005
2206,64060591005;2206,64060591005
2206,64060591005;2206,64060591005
2206,64060591005;2206,64060591005
2206,64060591005;2206,64060591005
2206,64060591005;2206,64060591005
2206,64060591005;2206,64060591005
2206,64060591005;2206,64060591005
2206,64060591005;2206,64060591005
2206,64060591005;2206,64060591005
2206,64060591005;2206,64060591005
2206,64060591005;2206,64060591005
1879,23641129687;1879,23641129687
1879,23641129687;1879,23641129687
1879,23641129687;1879,23641129687
1879,23641129687;1879,23641129687
1879,23641129687;1879,23641129687
1879,23641129687;1879,23641129687
1879,23641129687;1879,23641129687
1879,23641129687;1879,23641129687
1879,23641129687;1879,23641129687
1879,23641129687;1879,23641129687
1879,23641129687;1879,23641129687
1879,23641129687;1879,23641129687
1879,23641129687;1879,23641129687
1879,23641129687;1879,23641129687
1879,23641129687;1879,23641129687
1879,23641129687;1879,23641129687
1879,23641129687;1879,23641129687
1879,23641129687;1879,23641129687
1879,23641129687;1879,23641129687
1879,23641129687;1879,23641129687
1879,23641129687;1879,23641129687
1879,23641129687;1879,23641129687
1879,23641129687;1879,23641129687
1879,23641129687;1879,23641129687
1879,23641129687;1879,23641129687
1879,23641129687;1879,23641129687
1879,23641129687;1879,23641129687
1879,23641129687;1879,23641129687
1879,23641129687;1879,23641129687
1879,23641129687;1879,23641129687
1879,23641129687;1879,23641129687
1879,23641129687;1879,23641129687
1879,23641129687;1879,23641129687
1879,23641129687;1879,23641129687
1879,23641129687;1879,23641129687
1879,23641129687;1879,23641129687
1879,23641129687;1879,23641129687
1879,23641129687;1879,23641129687
1879,23641129687;1879,23641129687
1879,23641129687;1879,23641129687
1879,23641129687;1879,23641129687
1879,23641129687;1879,23641129687
1879,23641129687;1879,23641129687
1879,23641129687;1879,23641129687
1879,23641129687;1879,23641129687
1879,23641129687;1879,23641129687
1879,23641129687;1879,23641129687
1879,23641129687;1879,23641129687
1879,23641129687;1879,23641129687
1879,23641129687;1879,23641129687
1879,23641129687;1879,23641129687
1879,23641129687;1879,23641129687
1879,23641129687;1879,23641129687
1879,23641129687;1879,23641129687
1879,23641129687;1879,23641129687
1879,23641129687;1879,23641129687
1879,23641129687;1879,23641129687
1879,23641129687;1879,23641129687
1879,23641129687;1879,23641129687
1879,23641129687;1879,23641129687
1879,23641129687;1879,23641129687
1879,23641129687;1879,23641129687
1879,23641129687;1879,23641129687
1879,23641129687;1879,23641129687
1879,23641129687;1879,23641129687
1879,23641129687;1879,23641129687
1879,23641129687;1879,23641129687
1879,23641129687;1879,23641129687
1879,23641129687;1879,23641129687
1879,23641129687;1879,23641129687
1879,23641129687;1879,23641129687
1879,23641129687;1879,23641129687
1879,23641129687;1879,23641129687
1879,23641129687;1879,23641129687
1879,23641129687;1879,23641129687
1879,23641129687;1879,23641129687
1879,23641129687;1879,23641129687
1879,23641129687;1879,23641129687
1879,23641129687;1879,23641129687
1879,23641129687;1879,23641129687
1879,23641129687;1879,23641129687
1879,23641129687;1879,23641129687
1879,23641129687;1879,23641129687
1879,23641129687;1879,23641129687
1879,23641129687;1879,23641129687
1879,23641129687;1879,23641129687
1879,23641129687;1879,23641129687
1879,23641129687;1879,23641129687
1879,23641129687;1879,23641129687
1879,23641129687;1879,23641129687
1879,23641129687;1879,23641129687
1879,23641129687;1879,23641129687
1879,23641129687;1879,23641129687
1879,23641129687;1879,23641129687
1879,23641129687;1879,23641129687
1879,23641129687;1879,23641129687
1879,23641129687;1879,23641129687
1879,23641129687;1879,23641129687
1879,23641129687;1879,23641129687
1879,23641129687;1879,23641129687
1879,23641129687;1879,23641129687
1879,23641129687;1879,23641129687
1879,23641129687;1879,23641129687
1879,23641129687;1879,23641129687
1879,23641129687;1879,23641129687
1879,23641129687;1879,23641129687
1879,23641129687;1879,23641129687
1879,23641129687;1879,23641129687
1879,23641129687;1879,23641129687
1879,23641129687;1879,23641129687
1879,23641129687;1879,23641129687
1879,23641129687;1879,23641129687
1879,23641129687;1879,23641129687
1879,23641129687;1879,23641129687
1879,23641129687;1879,23641129687
1879,23641129687;1879,23641129687
1879,23641129687;1879,23641129687
1879,23641129687;1879,23641129687
1879,23641129687;1879,23641129687
1879,23641129687;1879,23641129687
1879,23641129687;1879,23641129687
1879,23641129687;1879,23641129687
1879,23641129687;1879,23641129687
1879,23641129687;1879,23641129687
1879,23641129687;1879,23641129687
1879,23641129687;1879,23641129687
1879,23641129687;1879,23641129687
1879,23641129687;1879,23641129687
1879,23641129687;1879,23641129687
1879,23641129687;1879,23641129687
1879,23641129687;1879,23641129687
1879,23641129687;1879,23641129687
1879,23641129687;1879,23641129687
1879,23641129687;1879,23641129687
1879,23641129687;1879,23641129687
1879,23641129687;1879,23641129687
1879,23641129687;1879,23641129687
1879,23641129687;1879,23641129687
1879,23641129687;1879,23641129687
1879,23641129687;1879,23641129687
1879,23641129687;1879,23641129687
1879,23641129687;1879,23641129687
1879,23641129687;1879,23641129687
1879,23641129687;1879,23641129687
1879,23641129687;1879,23641129687
1879,23641129687;1879,23641129687
1879,23641129687;1879,23641129687
1879,23641129687;1879,23641129687
1879,23641129687;1879,23641129687
1879,23641129687;1879,23641129687
1879,23641129687;1879,23641129687
1879,23641129687;1879,23641129687
1879,23641129687;1879,23641129687
1879,23641129687;1879,23641129687
1879,23641129687;1879,23641129687
1879,23641129687;1879,23641129687
1879,23641129687;1879,23641129687
1879,23641129687;1879,23641129687
1879,23641129687;1879,23641129687
1879,23641129687;1879,23641129687
1879,23641129687;1879,23641129687
1879,23641129687;1879,23641129687
1879,23641129687;1879,23641129687
1879,23641129687;1879,23641129687
1879,23641129687;1879,23641129687
1879,23641129687;1879,23641129687
1879,23641129687;1879,23641129687
1879,23641129687;1879,23641129687
1879,23641129687;1879,23641129687
1879,23641129687;1879,23641129687
1879,23641129687;1879,23641129687
1879,23641129687;1879,23641129687
1879,23641129687;1879,23641129687
1879,23641129687;1879,23641129687
1879,23641129687;1879,23641129687
1879,23641129687;1879,23641129687
1879,23641129687;1879,23641129687
1879,23641129687;1879,23641129687
1879,23641129687;1879,23641129687
1879,23641129687;1879,23641129687
1879,23641129687;1879,23641129687
1879,23641129687;1879,23641129687
1879,23641129687;1879,23641129687
1879,23641129687;1879,23641129687
1879,23641129687;1879,23641129687
1879,23641129687;1879,23641129687
1879,23641129687;1879,23641129687
1879,23641129687;1879,23641129687
1879,23641129687;1879,23641129687
1879,23641129687;1879,23641129687
1879,23641129687;1879,23641129687
1879,23641129687;1879,23641129687
1879,23641129687;1879,23641129687
1879,23641129687;1879,23641129687
1879,23641129687;1879,23641129687
1879,23641129687;1879,23641129687
1879,23641129687;1879,23641129687
1879,23641129687;1879,23641129687
1879,23641129687;1879,23641129687
1879,23641129687;1879,23641129687
1879,23641129687;1879,23641129687
1879,23641129687;1879,23641129687
1879,23641129687;1879,23641129687
1879,23641129687;1879,23641129687
1879,23641129687;1879,23641129687
1879,23641129687;1879,23641129687
1879,23641129687;1879,23641129687
1879,23641129687;1879,23641129687
1879,23641129687;1879,23641129687
1879,23641129687;1879,23641129687
1879,23641129687;1879,23641129687
1879,23641129687;1879,23641129687
1879,23641129687;1879,23641129687
1879,23641129687;1879,23641129687
1879,23641129687;1879,23641129687
1879,23641129687;1879,23641129687
1879,23641129687;1879,23641129687
1879,23641129687;1879,23641129687
1879,23641129687;1879,23641129687
1879,23641129687;1879,23641129687
1879,23641129687;1879,23641129687
1879,23641129687;1879,23641129687
1879,23641129687;1879,23641129687
1879,23641129687;1879,23641129687
1879,23641129687;1879,23641129687
1879,23641129687;1879,23641129687
1879,23641129687;1879,23641129687
1879,23641129687;1879,23641129687
1879,23641129687;1879,23641129687
1879,23641129687;1879,23641129687
1879,23641129687;1879,23641129687
1879,23641129687;1879,23641129687
1879,23641129687;1879,23641129687
2597,20527037615;2597,20527037615
2597,20527037615;2597,20527037615
2597,20527037615;2597,20527037615
2597,20527037615;2597,20527037615
2597,20527037615;2597,20527037615
2597,20527037615;2597,20527037615
2597,20527037615;2597,20527037615
2597,20527037615;2597,20527037615
2597,20527037615;2597,20527037615
2597,20527037615;2597,20527037615
2597,20527037615;2597,20527037615
2597,20527037615;2597,20527037615
2597,20527037615;2597,20527037615
2597,20527037615;2597,20527037615
2597,20527037615;2597,20527037615
2597,20527037615;2597,20527037615
2597,20527037615;2597,20527037615
2597,20527037615;2597,20527037615
2597,20527037615;2597,20527037615
2597,20527037615;2597,20527037615
2597,20527037615;2597,20527037615
2597,20527037615;2597,20527037615
2597,20527037615;2597,20527037615
2597,20527037615;2597,20527037615
2597,20527037615;2597,20527037615
2597,20527037615;2597,20527037615
2597,20527037615;2597,20527037615
2597,20527037615;2597,20527037615
2597,20527037615;2597,20527037615
2597,20527037615;2597,20527037615
2597,20527037615;2597,20527037615
2597,20527037615;2597,20527037615
2597,20527037615;2597,20527037615
2597,20527037615;2597,20527037615
2597,20527037615;2597,20527037615
2597,20527037615;2597,20527037615
2597,20527037615;2597,20527037615
2597,20527037615;2597,20527037615
2597,20527037615;2597,20527037615
2597,20527037615;2597,20527037615
2597,20527037615;2597,20527037615
2597,20527037615;2597,20527037615
2597,20527037615;2597,20527037615
2597,20527037615;2597,20527037615
2597,20527037615;2597,20527037615
2597,20527037615;2597,20527037615
2597,20527037615;2597,20527037615
2597,20527037615;2597,20527037615
2597,20527037615;2597,20527037615
2597,20527037615;2597,20527037615
2597,20527037615;2597,20527037615
2597,20527037615;2597,20527037615
2597,20527037615;2597,20527037615
2597,20527037615;2597,20527037615
2597,20527037615;2597,20527037615
2597,20527037615;2597,20527037615
2597,20527037615;2597,20527037615
2597,20527037615;2597,20527037615
2597,20527037615;2597,20527037615
2597,20527037615;2597,20527037615
2597,20527037615;2597,20527037615
2597,20527037615;2597,20527037615
2597,20527037615;2597,20527037615
2597,20527037615;2597,20527037615
2597,20527037615;2597,20527037615
2597,20527037615;2597,20527037615
2597,20527037615;2597,20527037615
2597,20527037615;2597,20527037615
2597,20527037615;2597,20527037615
2597,20527037615;2597,20527037615
2597,20527037615;2597,20527037615
2597,20527037615;2597,20527037615
2597,20527037615;2597,20527037615
2597,20527037615;2597,20527037615
2597,20527037615;2597,20527037615
2597,20527037615;2597,20527037615
2597,20527037615;2597,20527037615
2597,20527037615;2597,20527037615
2597,20527037615;2597,20527037615
2597,20527037615;2597,20527037615
2597,20527037615;2597,20527037615
2597,20527037615;2597,20527037615
2597,20527037615;2597,20527037615
2597,20527037615;2597,20527037615
2597,20527037615;2597,20527037615
2597,20527037615;2597,20527037615
2597,20527037615;2597,20527037615
2597,20527037615;2597,20527037615
2597,20527037615;2597,20527037615
2597,20527037615;2597,20527037615
2597,20527037615;2597,20527037615
2597,20527037615;2597,20527037615
2597,20527037615;2597,20527037615
2597,20527037615;2597,20527037615
2597,20527037615;2597,20527037615
2597,20527037615;2597,20527037615
2597,20527037615;2597,20527037615
2597,20527037615;2597,20527037615
2597,20527037615;2597,20527037615
2597,20527037615;2597,20527037615
2597,20527037615;2597,20527037615
2597,20527037615;2597,20527037615
2597,20527037615;2597,20527037615
2597,20527037615;2597,20527037615
2597,20527037615;2597,20527037615
2597,20527037615;2597,20527037615
2597,20527037615;2597,20527037615
2597,20527037615;2597,20527037615
2597,20527037615;2597,20527037615
2597,20527037615;2597,20527037615
2597,20527037615;2597,20527037615
2597,20527037615;2597,20527037615
2597,20527037615;2597,20527037615
2597,20527037615;2597,20527037615
2597,20527037615;2597,20527037615
2597,20527037615;2597,20527037615
2597,20527037615;2597,20527037615
2597,20527037615;2597,20527037615
2597,20527037615;2597,20527037615
2597,20527037615;2597,20527037615
2597,20527037615;2597,20527037615
2597,20527037615;2597,20527037615
2597,20527037615;2597,20527037615
2597,20527037615;2597,20527037615
2597,20527037615;2597,20527037615
2597,20527037615;2597,20527037615
2597,20527037615;2597,20527037615
2597,20527037615;2597,20527037615
2597,20527037615;2597,20527037615
2597,20527037615;2597,20527037615
2597,20527037615;2597,20527037615
2597,20527037615;2597,20527037615
2597,20527037615;2597,20527037615
2597,20527037615;2597,20527037615
2597,20527037615;2597,20527037615
2597,20527037615;2597,20527037615
2597,20527037615;2597,20527037615
2597,20527037615;2597,20527037615
2597,20527037615;2597,20527037615
2597,20527037615;2597,20527037615
2597,20527037615;2597,20527037615
2597,20527037615;2597,20527037615
2597,20527037615;2597,20527037615
2597,20527037615;2597,20527037615
2597,20527037615;2597,20527037615
2597,20527037615;2597,20527037615
2597,20527037615;2597,20527037615
2597,20527037615;2597,20527037615
2597,20527037615;2597,20527037615
2597,20527037615;2597,20527037615
2597,20527037615;2597,20527037615
2597,20527037615;2597,20527037615
2597,20527037615;2597,20527037615
2597,20527037615;2597,20527037615
2597,20527037615;2597,20527037615
2597,20527037615;2597,20527037615
2597,20527037615;2597,20527037615
2597,20527037615;2597,20527037615
2597,20527037615;2597,20527037615
2597,20527037615;2597,20527037615
2597,20527037615;2597,20527037615
2597,20527037615;2597,20527037615
2597,20527037615;2597,20527037615
2597,20527037615;2597,20527037615
2597,20527037615;2597,20527037615
2597,20527037615;2597,20527037615
2597,20527037615;2597,20527037615
2597,20527037615;2597,20527037615
2597,20527037615;2597,20527037615
2597,20527037615;2597,20527037615
2597,20527037615;2597,20527037615
2597,20527037615;2597,20527037615
2597,20527037615;2597,20527037615
2597,20527037615;2597,20527037615
2597,20527037615;2597,20527037615
2597,20527037615;2597,20527037615
2597,20527037615;2597,20527037615
2597,20527037615;2597,20527037615
2597,20527037615;2597,20527037615
2597,20527037615;2597,20527037615
2597,20527037615;2597,20527037615
2597,20527037615;2597,20527037615
2597,20527037615;2597,20527037615
2597,20527037615;2597,20527037615
2597,20527037615;2597,20527037615
2597,20527037615;2597,20527037615
2597,20527037615;2597,20527037615
2597,20527037615;2597,20527037615
2597,20527037615;2597,20527037615
2597,20527037615;2597,20527037615
2597,20527037615;2597,20527037615
2597,20527037615;2597,20527037615
2597,20527037615;2597,20527037615
2597,20527037615;2597,20527037615
2597,20527037615;2597,20527037615
2597,20527037615;2597,20527037615
2597,20527037615;2597,20527037615
2597,20527037615;2597,20527037615
2597,20527037615;2597,20527037615
2597,20527037615;2597,20527037615
2597,20527037615;2597,20527037615
2597,20527037615;2597,20527037615
2597,20527037615;2597,20527037615
2597,20527037615;2597,20527037615
2597,20527037615;2597,20527037615
2597,20527037615;2597,20527037615
2597,20527037615;2597,20527037615
2597,20527037615;2597,20527037615
2597,20527037615;2597,20527037615
2597,20527037615;2597,20527037615
2597,20527037615;2597,20527037615
2597,20527037615;2597,20527037615
2597,20527037615;2597,20527037615
2597,20527037615;2597,20527037615
2597,20527037615;2597,20527037615
2597,20527037615;2597,20527037615
2597,20527037615;2597,20527037615
2597,20527037615;2597,20527037615
2597,20527037615;2597,20527037615
2597,20527037615;2597,20527037615
2597,20527037615;2597,20527037615
2597,20527037615;2597,20527037615
2597,20527037615;2597,20527037615
2597,20527037615;2597,20527037615
2597,20527037615;2597,20527037615
2597,20527037615;2597,20527037615
2597,20527037615;2597,20527037615
2597,20527037615;2597,20527037615
2597,20527037615;2597,20527037615
2597,20527037615;2597,20527037615
2597,20527037615;2597,20527037615
2597,20527037615;2597,20527037615
2597,20527037615;2597,20527037615
2597,20527037615;2597,20527037615
1314,17412945543;1314,17412945543
1314,17412945543;1314,17412945543
1314,17412945543;1314,17412945543
1314,17412945543;1314,17412945543
1314,17412945543;1314,17412945543
1314,17412945543;1314,17412945543
1314,17412945543;1314,17412945543
1314,17412945543;1314,17412945543
1314,17412945543;1314,17412945543
1314,17412945543;1314,17412945543
1314,17412945543;1314,17412945543
1314,17412945543;1314,17412945543
1314,17412945543;1314,17412945543
1314,17412945543;1314,17412945543
1314,17412945543;1314,17412945543
1314,17412945543;1314,17412945543
1314,17412945543;1314,17412945543
1314,17412945543;1314,17412945543
1314,17412945543;1314,17412945543
1314,17412945543;1314,17412945543
1314,17412945543;1314,17412945543
1314,17412945543;1314,17412945543
1314,17412945543;1314,17412945543
1314,17412945543;1314,17412945543
1314,17412945543;1314,17412945543
1314,17412945543;1314,17412945543
1314,17412945543;1314,17412945543
1314,17412945543;1314,17412945543
1314,17412945543;1314,17412945543
1314,17412945543;1314,17412945543
1314,17412945543;1314,17412945543
1314,17412945543;1314,17412945543
1314,17412945543;1314,17412945543
1314,17412945543;1314,17412945543
